<?xml version="1.0" encoding="utf-8"?>
<!--/269348/506064/2.50/2/2/Connector/-->
<quadcept_library>
  <setting unit="mil" />
  <textstyle name="Default" height="47.244094488189" strokewidth="7.8740157480315" charwidth="47.244094488189" />
  <textstyle name="Dimension" height="19.6850393700787" strokewidth="0" charwidth="19.6850393700787" />
  <textstyle name="H127W0635TH00762" height="50" strokewidth="3" charwidth="25" />
  <textstyle name="H15W15TH02" height="59.0551181102362" strokewidth="7.8740157480315" charwidth="59.0551181102362" />
  <padstyle name="s195_h130" surface="False" plated="True" isvia="False" nopaste="True" nomask="True" complex="False" holesize="51.181102362204">
    <padshape layer="TOP" shape="square" width="76.771653543306" height="76.771653543306" />
    <padshape layer="TOP_SOLDER_MASK" shape="square" width="84.645669291338" height="84.645669291338" />
    <padshape layer="INNER" shape="square" width="76.771653543306" height="76.771653543306" />
    <padshape layer="BOTTOM" shape="square" width="76.771653543306" height="76.771653543306" />
    <padshape layer="BOTTOM_SOLDER_MASK" shape="square" width="84.645669291338" height="84.645669291338" />
  </padstyle>
  <padstyle name="c195_h130" surface="False" plated="True" isvia="False" nopaste="True" nomask="True" complex="False" holesize="51.181102362204">
    <padshape layer="TOP" shape="round" width="76.771653543306" height="76.771653543306" />
    <padshape layer="TOP_SOLDER_MASK" shape="round" width="84.645669291338" height="84.645669291338" />
    <padshape layer="INNER" shape="round" width="76.771653543306" height="76.771653543306" />
    <padshape layer="BOTTOM" shape="round" width="76.771653543306" height="76.771653543306" />
    <padshape layer="BOTTOM_SOLDER_MASK" shape="round" width="84.645669291338" height="84.645669291338" />
  </padstyle>
  <footprint name="1714955" originx="0" originy="0" pickpointx="0" pickpointy="0">
    <pcbpin number="1" name="1" style="s195_h130" originx="0" originy="0" rotation="90" />
    <pcbpin number="2" name="2" style="c195_h130" originx="250" originy="0" rotation="90" />
    <line layer="TOP_ASSEMBLY" originx="-124.8031496063" originy="-311.02362204724" endx="375.1968503937" endy="-311.02362204724" width="3.9370078740157" />
    <line layer="TOP_ASSEMBLY" originx="375.1968503937" originy="-311.02362204724" endx="375.1968503937" endy="181.10236220472" width="3.9370078740157" />
    <line layer="TOP_ASSEMBLY" originx="375.1968503937" originy="181.10236220472" endx="-124.8031496063" endy="181.10236220472" width="3.9370078740157" />
    <line layer="TOP_ASSEMBLY" originx="-124.8031496063" originy="181.10236220472" endx="-124.8031496063" endy="-311.02362204724" width="3.9370078740157" />
    <line layer="TOP_SILKSCREEN" originx="-124.8031496063" originy="-311.02362204724" endx="375.1968503937" endy="-311.02362204724" width="7.8740157480314" />
    <line layer="TOP_SILKSCREEN" originx="375.1968503937" originy="-311.02362204724" endx="375.1968503937" endy="181.10236220472" width="7.8740157480314" />
    <line layer="TOP_SILKSCREEN" originx="375.1968503937" originy="181.10236220472" endx="-124.8031496063" endy="181.10236220472" width="7.8740157480314" />
    <line layer="TOP_SILKSCREEN" originx="-124.8031496063" originy="181.10236220472" endx="-124.8031496063" endy="-311.02362204724" width="7.8740157480314" />
    <line layer="TOP_PLACE_BOUND" originx="-164.17322834645" originy="220.47244094488" endx="414.56692913385" endy="220.47244094488" width="3.9370078740157" />
    <line layer="TOP_PLACE_BOUND" originx="414.56692913385" originy="220.47244094488" endx="414.56692913385" endy="-350.3937007874" width="3.9370078740157" />
    <line layer="TOP_PLACE_BOUND" originx="414.56692913385" originy="-350.3937007874" endx="-164.17322834645" endy="-350.3937007874" width="3.9370078740157" />
    <line layer="TOP_PLACE_BOUND" originx="-164.17322834645" originy="-350.3937007874" endx="-164.17322834645" endy="220.47244094488" width="3.9370078740157" />
    <line layer="TOP_SILKSCREEN" originx="-149.6062992126" originy="0" endx="-149.6062992126" endy="0" width="3.9370078740157" />
    <arc layer="TOP_SILKSCREEN" originx="-147.63779527559" originy="0" startangle="-180.0" sweepangle="180.0" radius="1.9685039370079" width="3.9370078740157" />
    <line layer="TOP_SILKSCREEN" originx="-145.66929133858" originy="0" endx="-145.66929133858" endy="0" width="3.9370078740157" />
    <arc layer="TOP_SILKSCREEN" originx="-147.63779527559" originy="0" startangle=".0" sweepangle="180.0" radius="1.9685039370079" width="3.9370078740157" />
  </footprint>
  <symbol name="1714955" originx="0" originy="0">
    <line originx="200" originy="100" endx="600" endy="100" width="0" />
    <line originx="600" originy="-200" endx="600" endy="100" width="0" />
    <line originx="600" originy="-200" endx="200" endy="-200" width="0" />
    <line originx="200" originy="100" endx="200" endy="-200" width="0" />
    <sympin number="1" originx="200" originy="0" rotation="180" length="100" width="7.8740157480315" flipped="False">
      <text name="pinname" originx="230" originy="0" style="Default" rotation="0" justify="left" flipped="False" hidden="False" data="1" />
      <text name="pindes" originx="140" originy="20" style="Default" rotation="0" justify="lowerright" flipped="False" hidden="False" data="1" />
    </sympin>
    <sympin number="2" originx="200" originy="-100" rotation="180" length="100" width="7.8740157480315" flipped="False">
      <text name="pinname" originx="230" originy="-100" style="Default" rotation="0" justify="left" flipped="False" hidden="False" data="2" />
      <text name="pindes" originx="140" originy="-80" style="Default" rotation="0" justify="lowerright" flipped="False" hidden="False" data="2" />
    </sympin>
  </symbol>
  <component name="1714955" designatorprefix="J" height="854.33070866141" footprint="1714955">
    <comppin designator="1" sympin="1" pinswap="0" gateswap="0" gate="1" group="1" side="" type="Any" name="1" />
    <comppin designator="2" sympin="2" pinswap="0" gateswap="0" gate="1" group="1" side="" type="Any" name="2" />
    <attached_symbol gate="1" name="1714955" />
    <pinmap designator="1" footprintpin="1" />
    <pinmap designator="2" footprintpin="2" />
    <text name="Datasheet" originx="0" originy="0" style="Default" rotation="0" justify="" flipped="False" hidden="True" data="https://www.phoenixcontact.com/online/portal/us?uri=pxc-oc-itemdetail:pid=1714955&amp;library=usen&amp;tab=1" />
    <text name="Description" originx="0" originy="0" style="Default" rotation="0" justify="" flipped="False" hidden="True" data="PCB terminal block, nominal current: 32 A, rated voltage (III/2): 630 V, nominal cross section: 4 mm?, Number of potentials: 2, Number of rows: 1, Number of positions per row: 2, product range: MKDS 5, pitch: 6.35 mm, connection method: Screw connection with tension sleeve, mounting: Wave soldering, conductor/PCB connection direction: 0 ?, color: green, Pin layout: Linear pinning, Solder pin [P]: 5.1 mm, type of packaging: packed in cardboard. The article can be aligned to create different nos. of positions" />
    <text name="Manufacturer_Name" originx="0" originy="0" style="Default" rotation="0" justify="" flipped="False" hidden="True" data="Phoenix Contact" />
    <text name="Manufacturer_Part_Number" originx="650" originy="200" style="Default" rotation="0" justify="left" flipped="False" hidden="False" data="1714955" />
    <text name="Mouser Part Number" originx="0" originy="0" style="Default" rotation="0" justify="" flipped="False" hidden="True" data="651-1714955" />
    <text name="Mouser Price/Stock" originx="0" originy="0" style="Default" rotation="0" justify="" flipped="False" hidden="True" data="https://www.mouser.co.uk/ProductDetail/Phoenix-Contact/1714955?qs=cyzODkzcbwAF65hL8%2FUyaQ%3D%3D" />
    <text name="Arrow Part Number" originx="0" originy="0" style="Default" rotation="0" justify="" flipped="False" hidden="True" data="1714955" />
    <text name="Arrow Price/Stock" originx="0" originy="0" style="Default" rotation="0" justify="" flipped="False" hidden="True" data="https://www.arrow.com/en/products/1714955/phoenix-contact?region=nac" />
  </component>
</quadcept_library>
