﻿designator,quantity,value,pack,mpn,mount_type
C1,1,100uF,CP_Elec_6.3x5.4,,smt
C10,1,10uF,C_0805_2012Metric_Pad1.18x1.45mm_HandSolder,,smt
"C11, C3, C4",3,22uF,C_0805_2012Metric_Pad1.18x1.45mm_HandSolder,,smt
"C12, C5",2,1uF,C_0805_2012Metric_Pad1.18x1.45mm_HandSolder,,smt
"C2, C6, C7",3,100nF,C_0805_2012Metric_Pad1.18x1.45mm_HandSolder,,smt
D1,1,STR10100BF,D_SMB_Handsoldering,,smt
D2,1,Pwr LED,LED_0805_2012Metric_Pad1.15x1.40mm_HandSolder,,smt
D3,1,Tx,LED_0805_2012Metric_Pad1.15x1.40mm_HandSolder,,smt
D4,1,Rx,LED_0805_2012Metric_Pad1.15x1.40mm_HandSolder,,smt
D5,1,SS14,D_SOD-323_HandSoldering,,smt
"F1, F2, F3, F4, F5, F6, F7, F8",8,~,CONN_3544-2_KEY,,tht
J1,1,4.5-28V Power Input,CONN_691321300002_WRE,,tht
J3,1,10118194-0001LF,USB_Micro_B_Female_10118194-0001LF,10118194-0001LF,smt
"J5, J6",2,Conn_01x13_Socket,PinSocket_1x13_P2.54mm_Vertical,,tht
JST1,1,Output 1,CUI_TBP02R2-381-03BE,,tht
JST2,1,Output 2,CUI_TBP02R2-381-03BE,,tht
JST3,1,Output 3,CUI_TBP02R2-381-03BE,,tht
JST4,1,Output 4,CUI_TBP02R2-381-03BE,,tht
JST5,1,Output 5,CUI_TBP02R2-381-03BE,,tht
JST6,1,Output 6,CUI_TBP02R2-381-03BE,,tht
JST7,1,Output 7,CUI_TBP02R2-381-03BE,,tht
JST8,1,Output 8,CUI_TBP02R2-381-03BE,,tht
L1,1,4.7uH,L_Taiyo-Yuden_MD-5050,,smt
"R1, R2, R3",3,1K,R_0805_2012Metric_Pad1.20x1.40mm_HandSolder,,smt
R6,1,120,R_0805_2012Metric_Pad1.20x1.40mm_HandSolder,,smt
U1,1,AP63205WU,TSOT-23-6,,smt
"U4, U8",2,SN74HC125DR,SOIC127P600X175-14N,,smt
U5,1,CH340C,SOP-16_3.9x9.9mm_P1.27mm,,smt
U7,1,AMS1117-3.3,SOT-223-3_TabPin2,,smt
