﻿pos_x,pos_y,rotation,side,designator,mpn,pack,value,mount_type,place
106.316097,-49.423297,180.0,top,C1,,CP_Elec_6.3x5.4,100uF,smt,True
110.618597,-34.691297,0.0,top,C10,,C_0805_2012Metric_Pad1.18x1.45mm_HandSolder,10uF,smt,True
99.928597,-29.753797,-90.0,top,C11,,C_0805_2012Metric_Pad1.18x1.45mm_HandSolder,22uF,smt,True
136.959597,-128.184797,180.0,top,C12,,C_0805_2012Metric_Pad1.18x1.45mm_HandSolder,1uF,smt,True
111.148097,-43.813797,90.0,top,C2,,C_0805_2012Metric_Pad1.18x1.45mm_HandSolder,100nF,smt,True
107.105597,-38.755297,0.0,top,C3,,C_0805_2012Metric_Pad1.18x1.45mm_HandSolder,22uF,smt,True
107.055297,-40.787297,0.0,top,C4,,C_0805_2012Metric_Pad1.18x1.45mm_HandSolder,22uF,smt,True
99.928597,-33.774797,90.0,top,C5,,C_0805_2012Metric_Pad1.18x1.45mm_HandSolder,1uF,smt,True
141.002097,-120.035297,90.0,top,C6,,C_0805_2012Metric_Pad1.18x1.45mm_HandSolder,100nF,smt,True
141.002097,-126.131297,90.0,top,C7,,C_0805_2012Metric_Pad1.18x1.45mm_HandSolder,100nF,smt,True
120.349597,-118.511297,0.0,top,D1,,D_SMB_Handsoldering,STR10100BF,smt,True
122.341769,-81.112,180.0,top,D2,,LED_0805_2012Metric_Pad1.15x1.40mm_HandSolder,Pwr LED,smt,True
99.893797,-51.379497,90.0,top,D3,,LED_0805_2012Metric_Pad1.15x1.40mm_HandSolder,Tx,smt,True
97.378997,-51.361497,-90.0,top,D4,,LED_0805_2012Metric_Pad1.15x1.40mm_HandSolder,Rx,smt,True
97.649597,-42.091297,-90.0,top,D5,,D_SOD-323_HandSoldering,SS14,smt,True
82.085292,-124.308691,0.0,top,F1,,CONN_3544-2_KEY,~,tht,True
98.575218,-124.2745,0.0,top,F2,,CONN_3544-2_KEY,~,tht,True
82.058767,-118.69,0.0,top,F3,,CONN_3544-2_KEY,~,tht,True
98.570769,-118.6865,0.0,top,F4,,CONN_3544-2_KEY,~,tht,True
82.314769,-78.304,0.0,top,F5,,CONN_3544-2_KEY,~,tht,True
98.720768,-78.304,0.0,top,F6,,CONN_3544-2_KEY,~,tht,True
82.319218,-72.2045,0.0,top,F7,,CONN_3544-2_KEY,~,tht,True
98.720768,-72.208,0.0,top,F8,,CONN_3544-2_KEY,~,tht,True
118.226797,-127.161997,0.0,top,J1,,CONN_691321300002_WRE,4.5-28V Power Input,tht,True
133.182388,-142.050933,0.0,top,J3,10118194-0001LF,USB_Micro_B_Female_10118194-0001LF,10118194-0001LF,smt,True
119.081743,-77.370397,180.0,top,J5,,PinSocket_1x13_P2.54mm_Vertical,Conn_01x13_Socket,tht,True
141.93848,-77.350186,180.0,top,J6,,PinSocket_1x13_P2.54mm_Vertical,Conn_01x13_Socket,tht,True
82.714997,-132.949297,0.0,top,JST1,,CUI_TBP02R2-381-03BE,Output 1,tht,True
99.655397,-133.088497,0.0,top,JST2,,CUI_TBP02R2-381-03BE,Output 2,tht,True
85.108769,-109.9375,0.0,top,JST3,,CUI_TBP02R2-381-03BE,Output 3,tht,True
98.062769,-110.1915,0.0,top,JST4,,CUI_TBP02R2-381-03BE,Output 4,tht,True
82.314769,-85.987197,0.0,top,JST5,,CUI_TBP02R2-381-03BE,Output 5,tht,True
98.824769,-86.014997,0.0,top,JST6,,CUI_TBP02R2-381-03BE,Output 6,tht,True
82.314769,-65.858,0.0,top,JST7,,CUI_TBP02R2-381-03BE,Output 7,tht,True
98.697769,-66.239,0.0,top,JST8,,CUI_TBP02R2-381-03BE,Output 8,tht,True
102.004097,-42.049297,90.0,top,L1,,L_Taiyo-Yuden_MD-5050,4.7uH,smt,True
122.366769,-83.643297,0.0,top,R1,,R_0805_2012Metric_Pad1.20x1.40mm_HandSolder,1K,smt,True
99.903697,-47.363997,-90.0,top,R2,,R_0805_2012Metric_Pad1.20x1.40mm_HandSolder,1K,smt,True
97.388897,-47.363997,-90.0,top,R3,,R_0805_2012Metric_Pad1.20x1.40mm_HandSolder,1K,smt,True
131.842097,-127.676797,0.0,top,R6,,R_0805_2012Metric_Pad1.20x1.40mm_HandSolder,120,smt,True
107.470597,-43.901297,0.0,top,U1,,TSOT-23-6,AP63205WU,smt,True
129.493597,-59.490397,180.0,top,U4,,SOIC127P600X175-14N,SN74HC125DR,smt,True
134.372097,-122.061997,-90.0,top,U5,,SOP-16_3.9x9.9mm_P1.27mm,CH340C,smt,True
104.812097,-32.035297,90.0,top,U7,,SOT-223-3_TabPin2,AMS1117-3.3,smt,True
129.572097,-75.490397,180.0,top,U8,,SOIC127P600X175-14N,SN74HC125DR,smt,True
